--
-- PostgreSQL database dump
--

-- Dumped from database version 14.2
-- Dumped by pg_dump version 14.2

SET statement_timeout = 0;
SET lock_timeout = 0;
SET idle_in_transaction_session_timeout = 0;
SET client_encoding = 'UTF8';
SET standard_conforming_strings = on;
SELECT pg_catalog.set_config('search_path', '', false);
SET check_function_bodies = false;
SET xmloption = content;
SET client_min_messages = warning;
SET row_security = off;

SET default_tablespace = '';

SET default_table_access_method = heap;

--
-- Name: AllowedFileTypes; Type: TABLE; Schema: public; Owner: postgres
--

CREATE TABLE public."AllowedFileTypes" (
    "Id" integer NOT NULL,
    "FileType" text NOT NULL,
    "FileSize" double precision NOT NULL
);


ALTER TABLE public."AllowedFileTypes" OWNER TO postgres;

--
-- Name: AllowedFileTypes_Id_seq; Type: SEQUENCE; Schema: public; Owner: postgres
--

ALTER TABLE public."AllowedFileTypes" ALTER COLUMN "Id" ADD GENERATED BY DEFAULT AS IDENTITY (
    SEQUENCE NAME public."AllowedFileTypes_Id_seq"
    START WITH 1
    INCREMENT BY 1
    NO MINVALUE
    NO MAXVALUE
    CACHE 1
);


--
-- Name: Categories; Type: TABLE; Schema: public; Owner: postgres
--

CREATE TABLE public."Categories" (
    "Id" integer NOT NULL,
    "Title" character varying(256) NOT NULL
);


ALTER TABLE public."Categories" OWNER TO postgres;

--
-- Name: Categories_Id_seq; Type: SEQUENCE; Schema: public; Owner: postgres
--

ALTER TABLE public."Categories" ALTER COLUMN "Id" ADD GENERATED BY DEFAULT AS IDENTITY (
    SEQUENCE NAME public."Categories_Id_seq"
    START WITH 1
    INCREMENT BY 1
    NO MINVALUE
    NO MAXVALUE
    CACHE 1
);


--
-- Name: Chapters; Type: TABLE; Schema: public; Owner: postgres
--

CREATE TABLE public."Chapters" (
    "Id" uuid NOT NULL,
    "Title" character varying(256) NOT NULL,
    "Description" text,
    "CourseId" uuid NOT NULL
);


ALTER TABLE public."Chapters" OWNER TO postgres;

--
-- Name: Comments; Type: TABLE; Schema: public; Owner: postgres
--

CREATE TABLE public."Comments" (
    "Id" uuid NOT NULL,
    "Content" text NOT NULL,
    "Date" timestamp without time zone NOT NULL,
    "DateUpdated" timestamp without time zone NOT NULL,
    "CourseId" uuid NOT NULL,
    "CreatorId" uuid NOT NULL,
    "Rating" integer DEFAULT 0 NOT NULL
);


ALTER TABLE public."Comments" OWNER TO postgres;

--
-- Name: CourseUser; Type: TABLE; Schema: public; Owner: postgres
--

CREATE TABLE public."CourseUser" (
    "CoursesId" uuid NOT NULL,
    "StudentsId" uuid NOT NULL
);


ALTER TABLE public."CourseUser" OWNER TO postgres;

--
-- Name: Courses; Type: TABLE; Schema: public; Owner: postgres
--

CREATE TABLE public."Courses" (
    "Id" uuid NOT NULL,
    "Title" character varying(256) NOT NULL,
    "ShortInfo" text,
    "Requirements" text,
    "Description" text,
    "Language" character varying(64) NOT NULL,
    "DateCreated" timestamp without time zone NOT NULL,
    "DateUpdated" timestamp without time zone NOT NULL,
    "Price" real,
    "ImageUrl" text,
    "ThemeId" integer,
    "CreatorId" uuid NOT NULL,
    "Rating" double precision DEFAULT 0.0 NOT NULL
);


ALTER TABLE public."Courses" OWNER TO postgres;

--
-- Name: RefreshTokens; Type: TABLE; Schema: public; Owner: postgres
--

CREATE TABLE public."RefreshTokens" (
    "Id" uuid NOT NULL,
    "Token" text,
    "Expires" timestamp without time zone NOT NULL,
    "Created" timestamp without time zone NOT NULL,
    "CreatedByIp" text,
    "Revoked" timestamp without time zone,
    "RevokedByIp" text,
    "ReplaceByToken" text,
    "UserId" uuid NOT NULL
);


ALTER TABLE public."RefreshTokens" OWNER TO postgres;

--
-- Name: RoleUser; Type: TABLE; Schema: public; Owner: postgres
--

CREATE TABLE public."RoleUser" (
    "RolesId" integer NOT NULL,
    "UsersId" uuid NOT NULL
);


ALTER TABLE public."RoleUser" OWNER TO postgres;

--
-- Name: Roles; Type: TABLE; Schema: public; Owner: postgres
--

CREATE TABLE public."Roles" (
    "Id" integer NOT NULL,
    "Name" character varying(64) NOT NULL
);


ALTER TABLE public."Roles" OWNER TO postgres;

--
-- Name: Roles_Id_seq; Type: SEQUENCE; Schema: public; Owner: postgres
--

ALTER TABLE public."Roles" ALTER COLUMN "Id" ADD GENERATED BY DEFAULT AS IDENTITY (
    SEQUENCE NAME public."Roles_Id_seq"
    START WITH 1
    INCREMENT BY 1
    NO MINVALUE
    NO MAXVALUE
    CACHE 1
);


--
-- Name: Themes; Type: TABLE; Schema: public; Owner: postgres
--

CREATE TABLE public."Themes" (
    "Id" integer NOT NULL,
    "Title" character varying(256) NOT NULL,
    "CategoryId" integer
);


ALTER TABLE public."Themes" OWNER TO postgres;

--
-- Name: Themes_Id_seq; Type: SEQUENCE; Schema: public; Owner: postgres
--

ALTER TABLE public."Themes" ALTER COLUMN "Id" ADD GENERATED BY DEFAULT AS IDENTITY (
    SEQUENCE NAME public."Themes_Id_seq"
    START WITH 1
    INCREMENT BY 1
    NO MINVALUE
    NO MAXVALUE
    CACHE 1
);


--
-- Name: Users; Type: TABLE; Schema: public; Owner: postgres
--

CREATE TABLE public."Users" (
    "Id" uuid NOT NULL,
    "FirstName" character varying(64),
    "LastName" character varying(64),
    "UserName" character varying(64) NOT NULL,
    "Email" character varying(64) NOT NULL,
    "Password" character varying(64) NOT NULL,
    "Salt" text,
    "ImageUrl" text,
    "Rating" double precision DEFAULT 0.0 NOT NULL
);


ALTER TABLE public."Users" OWNER TO postgres;

--
-- Name: Videos; Type: TABLE; Schema: public; Owner: postgres
--

CREATE TABLE public."Videos" (
    "Id" uuid NOT NULL,
    "Title" character varying(256) NOT NULL,
    "Url" text NOT NULL,
    "ChapterId" uuid NOT NULL
);


ALTER TABLE public."Videos" OWNER TO postgres;

--
-- Name: __EFMigrationsHistory; Type: TABLE; Schema: public; Owner: postgres
--

CREATE TABLE public."__EFMigrationsHistory" (
    "MigrationId" character varying(150) NOT NULL,
    "ProductVersion" character varying(32) NOT NULL
);


ALTER TABLE public."__EFMigrationsHistory" OWNER TO postgres;

--
-- Data for Name: AllowedFileTypes; Type: TABLE DATA; Schema: public; Owner: postgres
--

COPY public."AllowedFileTypes" ("Id", "FileType", "FileSize") FROM stdin;
1	mp4	128
2	jpg	16
3	png	16
\.


--
-- Data for Name: Categories; Type: TABLE DATA; Schema: public; Owner: postgres
--

COPY public."Categories" ("Id", "Title") FROM stdin;
1	Other
2	test2
3	test3
\.


--
-- Data for Name: Chapters; Type: TABLE DATA; Schema: public; Owner: postgres
--

COPY public."Chapters" ("Id", "Title", "Description", "CourseId") FROM stdin;
f590c795-b31a-4fe7-8d0f-4f9e9f76996e	string	string	93eb1bdb-eb7c-4b5c-8bcd-361e280493f7
57348201-d1cd-4f29-b302-7224911c17ed	string	string	93eb1bdb-eb7c-4b5c-8bcd-361e280493f7
8c5d4359-2f9b-4049-b337-44aa0d2e73ab	string	string	93eb1bdb-eb7c-4b5c-8bcd-361e280493f7
84023a63-8f25-4154-bcf3-5a7decf7035c	zsdcsc	<p>zxczc</p>\n	1c9beb89-6e16-470b-8bc9-92c14f8d7663
b0fa3c5a-cbff-4a97-a0b8-5f888de86629	zsdcsczxcccccc	<p>zxczc</p>\n	1c9beb89-6e16-470b-8bc9-92c14f8d7663
e94181be-8d0c-43b6-ba53-3b9fe684d7cb	zsdcsczxcccccc	<p>zxczc</p>\n	1c9beb89-6e16-470b-8bc9-92c14f8d7663
6a37b9c7-85d1-4b6a-94cd-da86c9b49478	zsdcsczxcccccc	<p>zxczc</p>\n	1c9beb89-6e16-470b-8bc9-92c14f8d7663
26ad1673-8f9f-4a7b-be19-53e30a668005	zsdcsczxcccccc	<p>zxczc</p>\n	1c9beb89-6e16-470b-8bc9-92c14f8d7663
8af453a8-9b64-4edb-83aa-0d0bf8a79166	zsdcsczxcccccc	<p>zxczc</p>\n	1c9beb89-6e16-470b-8bc9-92c14f8d7663
16568c40-5918-497a-80a0-29ee48d1d7af	zsdcsczxcccccc	<p>zxczc</p>\n	1c9beb89-6e16-470b-8bc9-92c14f8d7663
497889e5-343b-4f9e-b293-3f2a47d80f80	zsdcsczxcccccc	<p>zxczc</p>\n	1c9beb89-6e16-470b-8bc9-92c14f8d7663
a046797e-28e6-4f88-9fbd-1114f6561e85	zsdcsczxcccccc	<p>zxczc</p>\n	1c9beb89-6e16-470b-8bc9-92c14f8d7663
186f36ea-279b-4955-b5a3-78c381207d2b	wefwdsf	<p>sdfsdf</p>\n	1c9beb89-6e16-470b-8bc9-92c14f8d7663
c03bd97c-6e0f-4ae1-82a9-55a77b579d87	string	string	9a75b819-29ea-467e-8eef-353f294658e4
\.


--
-- Data for Name: Comments; Type: TABLE DATA; Schema: public; Owner: postgres
--

COPY public."Comments" ("Id", "Content", "Date", "DateUpdated", "CourseId", "CreatorId", "Rating") FROM stdin;
613bf86d-857b-4550-bedb-a5e8208fb8ef	<p>j</p>\n	2022-04-20 19:51:53.26515	2022-04-20 19:51:53.26515	9b511247-904b-4d54-b92a-1ae9e690fa8e	e53f038f-af0e-4113-83c7-c105f12829fb	5
79d58aa7-96d3-4e1c-bb64-89f0004efec0	<p>j</p>\n	2022-04-20 19:56:26.172546	2022-04-20 19:56:26.172546	d1f8c924-ecaf-42a2-bf5c-02dbe11e44e5	e53f038f-af0e-4113-83c7-c105f12829fb	5
36e20551-f19b-4af0-bc7a-11b64de9f3b8		2022-04-20 19:56:29.063779	2022-04-20 19:56:29.063779	d1f8c924-ecaf-42a2-bf5c-02dbe11e44e5	e53f038f-af0e-4113-83c7-c105f12829fb	5
0ac39e63-8755-4855-a6c1-67cd2769d387	<p>nkhkj</p>\n	2022-04-20 20:10:37.16018	2022-04-20 20:10:37.160181	93eb1bdb-eb7c-4b5c-8bcd-361e280493f7	e53f038f-af0e-4113-83c7-c105f12829fb	5
880c1aac-fe64-423a-a50f-d25e685829ed	string	2022-04-12 09:19:07.524199	2022-04-12 09:19:07.524199	6dc846ad-f1b1-43d7-a8bd-266030a9bf26	6dbccf13-3aa6-4a08-aede-01b0f357c6a3	5
36d62b68-ff43-48ef-8b57-1152adcb139c	string	2022-04-12 09:19:08.351105	2022-04-12 09:19:08.351106	6dc846ad-f1b1-43d7-a8bd-266030a9bf26	6dbccf13-3aa6-4a08-aede-01b0f357c6a3	5
0dba644b-e3c7-4101-a5d7-db5b66af3f33	string	2022-04-12 09:19:09.163725	2022-04-12 09:19:09.163725	6dc846ad-f1b1-43d7-a8bd-266030a9bf26	6dbccf13-3aa6-4a08-aede-01b0f357c6a3	5
bb781621-b9d1-474c-b29e-bc37b544b25f	string	2022-04-12 09:19:13.0768	2022-04-12 09:19:13.0768	6dc846ad-f1b1-43d7-a8bd-266030a9bf26	6dbccf13-3aa6-4a08-aede-01b0f357c6a3	2
b587a3fc-4cc9-421d-967f-866bf8f465c9	string	2022-04-12 09:19:16.72392	2022-04-12 09:19:16.723921	6dc846ad-f1b1-43d7-a8bd-266030a9bf26	6dbccf13-3aa6-4a08-aede-01b0f357c6a3	1
4df8b11a-7181-4448-a6b7-c4d723415ef1	string	2022-04-12 09:19:34.107871	2022-04-12 09:19:34.107871	6dc846ad-f1b1-43d7-a8bd-266030a9bf26	6dbccf13-3aa6-4a08-aede-01b0f357c6a3	5
05fc1d3f-8778-4fa8-8d42-4530ced87bd1	string	2022-04-12 09:19:34.726771	2022-04-12 09:19:34.726771	6dc846ad-f1b1-43d7-a8bd-266030a9bf26	6dbccf13-3aa6-4a08-aede-01b0f357c6a3	5
37c34202-f536-4af8-9603-31d9ed01309f	string	2022-04-12 09:19:35.391401	2022-04-12 09:19:35.391401	6dc846ad-f1b1-43d7-a8bd-266030a9bf26	6dbccf13-3aa6-4a08-aede-01b0f357c6a3	5
d102a8d0-61e7-4cdc-a2b7-92f5528f6ed6		2022-04-21 14:32:03.655102	2022-04-21 14:32:03.655103	93eb1bdb-eb7c-4b5c-8bcd-361e280493f7	4a312d2f-a82d-484a-93ab-514c36d458f5	5
1843c5cb-4416-4d89-b772-20a192535bd5		2022-04-21 14:32:08.229583	2022-04-21 14:32:08.229583	93eb1bdb-eb7c-4b5c-8bcd-361e280493f7	4a312d2f-a82d-484a-93ab-514c36d458f5	5
9a0b3a14-4357-4b42-9d87-609ea009d830		2022-04-21 14:32:09.601393	2022-04-21 14:32:09.601393	93eb1bdb-eb7c-4b5c-8bcd-361e280493f7	4a312d2f-a82d-484a-93ab-514c36d458f5	5
0896406e-7ccf-4704-baf1-4424529effff		2022-04-21 14:32:10.868159	2022-04-21 14:32:10.86816	93eb1bdb-eb7c-4b5c-8bcd-361e280493f7	4a312d2f-a82d-484a-93ab-514c36d458f5	5
064ff756-c138-4604-9615-3fb84c93ea37		2022-04-21 14:32:11.804011	2022-04-21 14:32:11.804011	93eb1bdb-eb7c-4b5c-8bcd-361e280493f7	4a312d2f-a82d-484a-93ab-514c36d458f5	5
e25ed9ee-a0e0-4baa-b087-b63558083b33	<p></p>\n<iframe width="auto" height="auto" src="https://raimhalazurestorage.blob.core.windows.net/iskills-videos/f59e51c6-cb78-42c3-bd0a-8ebab0fb7496.mp4" frameBorder="0"></iframe>\n<p>sdfjklasjdlfk jasldjflas dlfwjalfjawilejf iwahf ksfsjf lsjfl slf sld fjlskdjf lsdfl jsd</p>\n	2022-04-22 09:31:17.112442	2022-04-22 09:31:17.11248	93eb1bdb-eb7c-4b5c-8bcd-361e280493f7	e53f038f-af0e-4113-83c7-c105f12829fb	2
519c7888-f9a9-4466-84be-3fa197316013	<p>😍</p>\n	2022-04-25 14:02:39.219542	2022-04-25 14:02:39.219542	9a75b819-29ea-467e-8eef-353f294658e4	e53f038f-af0e-4113-83c7-c105f12829fb	5
a89f3b88-352b-46e2-a341-f52195937372	<p>comment<strong>sdjlkfklas </strong><strong><em>sdfkjaklfjadsf</em></strong><strong><em><ins>sajlkfjdlasjdfalfj </ins></em></strong><del><strong><em><ins>lajsdkfaldfjkaljfdallasdjflafa asdjkhfl</ins></em></strong></del><sub><del><strong><em><ins> sdajofjlkaldsfafjaljflajfajsfa[oifuowef=wjfijwf</ins></em></strong></del></sub></p>\n<ol>\n<li style="text-align:center;"><sub><del><strong><em><ins>sjdalf</ins></em></strong></del></sub></li>\n<li><sub><del><strong><em><ins>asdfl]</ins></em></strong></del></sub></li>\n</ol>\n<p><sub><del><strong><em><ins>j</ins></em></strong></del></sub></p>\n<p><sub><del><strong><em><ins>af</ins></em></strong></del></sub></p>\n<p><sub><del><strong><em><ins>asdlkjf</ins></em></strong></del></sub></p>\n<p><sub><del><strong><em><ins>ajskdfl</ins></em></strong></del></sub></p>\n<p><sub><del><strong><em><ins>a</ins></em></strong></del></sub></p>\n<p><sub><del><strong><em><ins>dsfj</ins></em></strong></del></sub></p>\n<p><sub><del><strong><em><ins>a;j</ins></em></strong></del></sub></p>\n	2022-04-16 09:59:38.211927	2022-04-16 09:59:38.211927	9a75b819-29ea-467e-8eef-353f294658e4	e53f038f-af0e-4113-83c7-c105f12829fb	5
fbaa6bd6-bd2d-405c-8fe6-6339e80d7f38	<p>jfkdkklsa</p>\n<p>asfdjkla\\</p>\n<p>afj;ada</p>\n<p>fajdfk;asdf</p>\n<p>asf</p>\n<p>\\a;jkfda</p>\n<p>fa';fd</p>\n<p>af</p>\n	2022-04-16 10:01:13.005972	2022-04-16 10:01:13.005972	9a75b819-29ea-467e-8eef-353f294658e4	e53f038f-af0e-4113-83c7-c105f12829fb	5
1a67a143-189a-4dea-93a4-6a9b444dd6a7	<p>dsafmklajmllllllllllllllllllfjioasdjflaspiofojiasjio fd ua omifwoergfwe ogr ioejrofjeirjfioewrjiogfjwejrfjewofreorjfgioejorgjoejoigjeiorjgioejrgiojeiogjioejigjeojgioegorjerogjioerjogjeogiejogjeiorjgejgoejorgoejgiojeroigjierjgjeiogjeogrjeor</p>\n	2022-04-16 10:05:30.100065	2022-04-16 10:05:30.100066	9a75b819-29ea-467e-8eef-353f294658e4	e53f038f-af0e-4113-83c7-c105f12829fb	5
ff10bf19-39c3-4483-9d62-389fe2d8f2cf	<p>sdjflkasfdjadfskalsdjfasf</p>\n<p></p>\n<p>asdfljkakfa</p>\n<p>fd ajsk fda sf</p>\n<p>d&nbsp;</p>\n<p></p>\n<ul>\n<li></li>\n</ul>\n<p><strong>SDLKJFSJDFSDF</strong></p>\n<p><strong>SFJLKSdJF</strong></p>\n<p><strong>JKHJKHJKHK</strong></p>\n	2022-04-20 17:46:38.147928	2022-04-26 11:03:59.413687	9a75b819-29ea-467e-8eef-353f294658e4	e53f038f-af0e-4113-83c7-c105f12829fb	5
d5e5bb9f-db22-40cb-a3c7-038410f03d5a		2022-04-17 10:47:55.75869	2022-04-17 10:47:55.758723	9a75b819-29ea-467e-8eef-353f294658e4	e53f038f-af0e-4113-83c7-c105f12829fb	5
75689569-7550-4b06-abe8-484358bf4383	<p>sdfjklsjflsjdflsdf</p>\n	2022-04-17 10:54:45.47027	2022-04-17 10:54:45.47027	9a75b819-29ea-467e-8eef-353f294658e4	e53f038f-af0e-4113-83c7-c105f12829fb	5
987999e5-5ad8-4afa-9450-35ca45492210	<p>j</p>\n	2022-04-18 12:03:39.12689	2022-04-18 12:03:39.12689	9a75b819-29ea-467e-8eef-353f294658e4	e53f038f-af0e-4113-83c7-c105f12829fb	5
7ccd9c3d-418a-4f0a-baf4-2003f56fc322	<p>j</p>\n	2022-04-20 19:55:35.987936	2022-04-20 19:55:35.987936	d1f8c924-ecaf-42a2-bf5c-02dbe11e44e5	e53f038f-af0e-4113-83c7-c105f12829fb	5
006adad3-bdd4-4431-8936-a4c1b4e75dad	<blockquote>sadfadfklasfjklajfajfak</blockquote>\n	2022-04-19 07:55:46.812449	2022-04-19 11:22:25.825924	9a75b819-29ea-467e-8eef-353f294658e4	e53f038f-af0e-4113-83c7-c105f12829fb	4
37dc2ce2-7233-4846-948f-025a2ec8d951	<p>&nbsp;</p><p>ssdf</p><p>s</p><p>df</p><p>s</p><p>df</p><p>sdfs</p><p>df</p><p>sf</p><p>s</p><p>f</p><p>sfd</p><p>sfs</p><p>fs</p><p>df</p><p>sf</p>	2022-04-19 07:52:55.056346	2022-04-20 17:48:35.666346	9a75b819-29ea-467e-8eef-353f294658e4	e53f038f-af0e-4113-83c7-c105f12829fb	4
11ce7314-eeb8-4a20-ac69-b14a52ce950f	<p>s</p>\n	2022-04-18 10:45:36.318368	2022-04-18 10:45:36.318369	9a75b819-29ea-467e-8eef-353f294658e4	e53f038f-af0e-4113-83c7-c105f12829fb	5
fee62b46-b78f-4c1a-9032-a233d579c13e	<p>s</p>\n	2022-04-18 10:45:39.275369	2022-04-18 10:45:39.275369	9a75b819-29ea-467e-8eef-353f294658e4	e53f038f-af0e-4113-83c7-c105f12829fb	5
d3beef97-7eb4-4773-9d99-819285947607		2022-04-18 10:45:43.018955	2022-04-18 10:45:43.018955	9a75b819-29ea-467e-8eef-353f294658e4	e53f038f-af0e-4113-83c7-c105f12829fb	5
b7c3cf69-adb2-4bd7-b86f-ad90ad5721d7		2022-04-18 10:45:43.854199	2022-04-18 10:45:43.854199	9a75b819-29ea-467e-8eef-353f294658e4	e53f038f-af0e-4113-83c7-c105f12829fb	5
f22a8526-97f5-405b-ac74-d0e320b69ebb	<p>d</p>\n	2022-04-18 10:51:22.57565	2022-04-18 10:51:22.575651	9a75b819-29ea-467e-8eef-353f294658e4	e53f038f-af0e-4113-83c7-c105f12829fb	5
92c40bfa-757d-48e1-9ae5-3e79f5ff5d10		2022-04-18 10:51:37.195268	2022-04-18 10:51:37.195268	9a75b819-29ea-467e-8eef-353f294658e4	e53f038f-af0e-4113-83c7-c105f12829fb	5
a0cfbce7-b9e1-431a-b68c-8e843d17896a		2022-04-18 10:51:37.337501	2022-04-18 10:51:37.337501	9a75b819-29ea-467e-8eef-353f294658e4	e53f038f-af0e-4113-83c7-c105f12829fb	5
71c24a79-24e4-4922-beb4-af2ff73bff0b		2022-04-18 10:51:37.508733	2022-04-18 10:51:37.508733	9a75b819-29ea-467e-8eef-353f294658e4	e53f038f-af0e-4113-83c7-c105f12829fb	5
627c256f-eebd-4383-b4ae-76c1ee2b2e40		2022-04-18 10:51:37.664228	2022-04-18 10:51:37.664228	9a75b819-29ea-467e-8eef-353f294658e4	e53f038f-af0e-4113-83c7-c105f12829fb	5
b9d301c5-736f-479f-bccb-45b99c3027d0		2022-04-18 10:51:37.94921	2022-04-18 10:51:37.94921	9a75b819-29ea-467e-8eef-353f294658e4	e53f038f-af0e-4113-83c7-c105f12829fb	5
29e27f6a-6318-4ca8-a3da-8847dbba58fc		2022-04-18 10:51:38.927036	2022-04-18 10:51:38.927036	9a75b819-29ea-467e-8eef-353f294658e4	e53f038f-af0e-4113-83c7-c105f12829fb	5
00239d3a-4454-4e8e-ba17-f320bbf3eaad		2022-04-18 10:51:39.250689	2022-04-18 10:51:39.250689	9a75b819-29ea-467e-8eef-353f294658e4	e53f038f-af0e-4113-83c7-c105f12829fb	5
c5ff533d-d4d1-4fae-aa5a-eb8133342b88		2022-04-18 10:51:40.078486	2022-04-18 10:51:40.078486	9a75b819-29ea-467e-8eef-353f294658e4	e53f038f-af0e-4113-83c7-c105f12829fb	5
9bf47343-e6b6-46a1-95d4-9b566f02cc39		2022-04-18 10:51:45.115031	2022-04-18 10:51:45.115031	9a75b819-29ea-467e-8eef-353f294658e4	e53f038f-af0e-4113-83c7-c105f12829fb	5
9524be6b-4475-4b0d-ba0b-d104f3bcb92a	<p>s</p>\n	2022-04-18 10:52:51.368394	2022-04-18 10:52:51.368394	9a75b819-29ea-467e-8eef-353f294658e4	e53f038f-af0e-4113-83c7-c105f12829fb	5
d1046f19-32f7-4c4d-bf73-33b0edd41dc4		2022-04-18 10:58:57.073475	2022-04-18 10:58:57.073475	9a75b819-29ea-467e-8eef-353f294658e4	e53f038f-af0e-4113-83c7-c105f12829fb	5
8630b305-6066-43c3-bd86-f66589efd6c3		2022-04-18 10:58:58.373218	2022-04-18 10:58:58.373218	9a75b819-29ea-467e-8eef-353f294658e4	e53f038f-af0e-4113-83c7-c105f12829fb	5
75c772da-4ab9-4a46-b30c-ef3d07e37d6f	<p>k</p>\n	2022-04-18 10:59:08.853991	2022-04-18 10:59:08.853991	9a75b819-29ea-467e-8eef-353f294658e4	e53f038f-af0e-4113-83c7-c105f12829fb	5
2cab0cda-5938-4ac4-b56c-ca0b7533261e	<p>2</p>\n	2022-04-20 20:06:13.735559	2022-04-20 20:06:13.73556	d1f8c924-ecaf-42a2-bf5c-02dbe11e44e5	e53f038f-af0e-4113-83c7-c105f12829fb	5
5523ff83-cd33-48dc-87f9-f96b70663448	<p>sadasd</p>\n	2022-04-18 11:00:38.688335	2022-04-18 11:00:38.688335	9a75b819-29ea-467e-8eef-353f294658e4	e53f038f-af0e-4113-83c7-c105f12829fb	5
8b5ff5cd-f57d-4e15-b7c5-7a34421d9720	<p>s</p>\n	2022-04-18 11:29:11.542114	2022-04-18 11:29:11.542114	9a75b819-29ea-467e-8eef-353f294658e4	e53f038f-af0e-4113-83c7-c105f12829fb	5
56b7b59f-9a6a-4793-9df5-ffa036a2c2ba	<p>23423408</p>\n	2022-04-18 11:32:58.825186	2022-04-18 11:32:58.825186	9a75b819-29ea-467e-8eef-353f294658e4	e53f038f-af0e-4113-83c7-c105f12829fb	5
3042bd7d-178c-42f2-a214-cb4f09dbb33a	<p>jjjjjj</p>\n	2022-04-18 11:33:10.806783	2022-04-18 11:34:00.376683	9a75b819-29ea-467e-8eef-353f294658e4	e53f038f-af0e-4113-83c7-c105f12829fb	3
8e4046dc-5608-419e-a5fc-44250218049c	<p>afasfdsdfasf</p>\n	2022-04-18 11:52:03.292905	2022-04-18 11:52:03.292905	9a75b819-29ea-467e-8eef-353f294658e4	e53f038f-af0e-4113-83c7-c105f12829fb	4
782a3d8a-da58-41e2-af3e-0a11c3bddd5e	<p>j</p>\n	2022-04-18 11:53:04.25982	2022-04-18 11:53:04.25982	9a75b819-29ea-467e-8eef-353f294658e4	e53f038f-af0e-4113-83c7-c105f12829fb	4
389f5616-d8c6-4ac6-9543-093bafd57cb1		2022-04-18 11:53:05.491696	2022-04-18 11:53:05.491697	9a75b819-29ea-467e-8eef-353f294658e4	e53f038f-af0e-4113-83c7-c105f12829fb	5
fa7e443b-394f-4998-bcd8-043e369310f9		2022-04-18 11:53:06.381935	2022-04-18 11:53:06.381935	9a75b819-29ea-467e-8eef-353f294658e4	e53f038f-af0e-4113-83c7-c105f12829fb	5
a8ffcdcc-5ad3-4d68-8be1-d2a93385bd14	<p>cx</p>\n	2022-04-18 11:53:46.608003	2022-04-18 11:53:46.608003	9a75b819-29ea-467e-8eef-353f294658e4	e53f038f-af0e-4113-83c7-c105f12829fb	5
a9ed5a7a-9454-401b-a598-862ce318c553		2022-04-18 11:53:49.160338	2022-04-18 11:53:49.160338	9a75b819-29ea-467e-8eef-353f294658e4	e53f038f-af0e-4113-83c7-c105f12829fb	5
01b876d3-6a7e-4403-b824-7b61f7c64906		2022-04-18 11:53:53.006487	2022-04-18 11:53:53.006487	9a75b819-29ea-467e-8eef-353f294658e4	e53f038f-af0e-4113-83c7-c105f12829fb	5
57c9669f-95e5-4700-82ae-492e3c5869ca		2022-04-18 11:53:54.019028	2022-04-18 11:53:54.019028	9a75b819-29ea-467e-8eef-353f294658e4	e53f038f-af0e-4113-83c7-c105f12829fb	5
61460f99-cd58-4611-8e77-094ba1169882		2022-04-18 11:53:54.285417	2022-04-18 11:53:54.285417	9a75b819-29ea-467e-8eef-353f294658e4	e53f038f-af0e-4113-83c7-c105f12829fb	5
fa2fb01a-fd9d-47d8-8489-c89e387080c6		2022-04-18 11:53:54.33914	2022-04-18 11:53:54.33914	9a75b819-29ea-467e-8eef-353f294658e4	e53f038f-af0e-4113-83c7-c105f12829fb	5
bfe2352a-dc84-47a7-9cb2-790e45648288		2022-04-18 11:53:54.480151	2022-04-18 11:53:54.480151	9a75b819-29ea-467e-8eef-353f294658e4	e53f038f-af0e-4113-83c7-c105f12829fb	5
8b5e4736-2790-4614-a40a-54fbcb4aac84		2022-04-18 11:53:54.752027	2022-04-18 11:53:54.752027	9a75b819-29ea-467e-8eef-353f294658e4	e53f038f-af0e-4113-83c7-c105f12829fb	5
a05f9482-b018-4264-9ea2-73b84e7dc469		2022-04-18 11:53:55.019983	2022-04-18 11:53:55.019984	9a75b819-29ea-467e-8eef-353f294658e4	e53f038f-af0e-4113-83c7-c105f12829fb	5
99ef80f5-4a4f-4a04-8e20-bd015527d4e6	<p>sd</p>\n	2022-04-18 11:57:09.957381	2022-04-18 11:57:09.957381	9a75b819-29ea-467e-8eef-353f294658e4	e53f038f-af0e-4113-83c7-c105f12829fb	5
c3770026-14e1-4d43-8df4-28f31e683196	<p>sdfsdfdsf</p>\n	2022-04-18 12:02:54.552635	2022-04-18 12:02:54.552635	9a75b819-29ea-467e-8eef-353f294658e4	e53f038f-af0e-4113-83c7-c105f12829fb	5
29e06d9d-ca94-407a-bd2c-49e28a17fc0e	<p>sdadasadas</p>\n	2022-04-18 11:53:55.070249	2022-04-18 12:31:08.699069	9a75b819-29ea-467e-8eef-353f294658e4	e53f038f-af0e-4113-83c7-c105f12829fb	5
f99e5067-6bd9-4c8e-995e-decb4d0a9b4e	<p>j</p>\n	2022-04-18 12:04:06.314594	2022-04-18 12:44:25.219944	9a75b819-29ea-467e-8eef-353f294658e4	e53f038f-af0e-4113-83c7-c105f12829fb	3
26a8b561-84e3-45a6-ae47-f06f1df54c57		2022-04-18 12:47:14.273585	2022-04-18 12:47:14.273586	9a75b819-29ea-467e-8eef-353f294658e4	e53f038f-af0e-4113-83c7-c105f12829fb	5
5cfcc525-13ec-46d2-8b82-aedf87cb0d9e	<p>h</p>\n	2022-04-18 12:48:09.239946	2022-04-18 12:48:09.239946	9a75b819-29ea-467e-8eef-353f294658e4	e53f038f-af0e-4113-83c7-c105f12829fb	5
45cae7c6-4eb3-4ac0-9b3c-d3b78d747a73	<p>k</p>\n	2022-04-21 14:32:00.947575	2022-04-21 14:32:00.947618	93eb1bdb-eb7c-4b5c-8bcd-361e280493f7	4a312d2f-a82d-484a-93ab-514c36d458f5	5
2371674c-bb71-4ba2-8cff-fb40334d1dc1		2022-04-21 14:32:07.155445	2022-04-21 14:32:07.155445	93eb1bdb-eb7c-4b5c-8bcd-361e280493f7	4a312d2f-a82d-484a-93ab-514c36d458f5	5
772616d1-1757-43bb-b455-d93c924e868d	<p>22sd2272weqweqwe</p>\n	2022-04-18 12:05:23.543656	2022-04-18 12:44:20.528571	9a75b819-29ea-467e-8eef-353f294658e4	e53f038f-af0e-4113-83c7-c105f12829fb	2
bfc6a57b-6dc1-4384-bfda-43e7dc7a53d0	<p>hkjhkl;;khklhj;;;;;;l kkk;;;;;;;;;;;;;;;;;;;;;;;;;;;;;;;;;;;;;;;;;;;;;;;;;;;;;;;;;;;;;;;;;;;;;;;;;;;;;;;;;;;;;;;;;;;;;;;;;;;;;;;;;;;;;;;;;;;;;;;;;;;;;;;;;;;;;;;;;;;;;;;;;;;;;;;;;;;;;;;;;;;;;;;;;;;;;;;;;;;;;;;;;;;;;;;;;;;;;;;;;;;;;;;;;;;;;;;;;;;;;;;;;;;;;;;;;;;;;;;;;;;;;;;;;;;;;;;;;;;;;;;;;;;;;;;;;;;;;;;;;;;;;;;;;;;;;;;;;;;;;;;;;;;;;;;;;;;;;;;;;;;;;;;;;;;;;;;;;;;;;;;;;;;;;;;;;;;;;;;;;;;;;;;;;;;;;;</p>\n	2022-04-19 05:45:51.786436	2022-04-19 07:18:34.533315	9a75b819-29ea-467e-8eef-353f294658e4	e53f038f-af0e-4113-83c7-c105f12829fb	5
122a3f7a-0959-40b3-badd-12fdd0a152d4	<ul><li>whfhsjkhdfksdfhs</li></ul><ol><li>sdfasdfdsfa</li></ol><p>safd</p><ol><li>sdfsjfksdf</li><li>dsfaf</li></ol>	2022-04-19 07:53:59.6296	2022-04-19 07:53:59.6296	9a75b819-29ea-467e-8eef-353f294658e4	e53f038f-af0e-4113-83c7-c105f12829fb	2
cef5d4d2-2834-441e-b574-57099638c4d5	<p>dsfkhsjfhskjdhfsd</p>\n	2022-04-18 12:46:50.211658	2022-04-19 07:18:49.864877	9a75b819-29ea-467e-8eef-353f294658e4	e53f038f-af0e-4113-83c7-c105f12829fb	5
\.


--
-- Data for Name: CourseUser; Type: TABLE DATA; Schema: public; Owner: postgres
--

COPY public."CourseUser" ("CoursesId", "StudentsId") FROM stdin;
9a75b819-29ea-467e-8eef-353f294658e4	4a312d2f-a82d-484a-93ab-514c36d458f5
93eb1bdb-eb7c-4b5c-8bcd-361e280493f7	4a312d2f-a82d-484a-93ab-514c36d458f5
9a75b819-29ea-467e-8eef-353f294658e4	80214376-fa55-418f-a519-ab1f239004df
a6e59cc9-05c6-498e-ae21-f13debdb56b0	4a312d2f-a82d-484a-93ab-514c36d458f5
1c9beb89-6e16-470b-8bc9-92c14f8d7663	4a312d2f-a82d-484a-93ab-514c36d458f5
2866454a-c863-4cf6-adfa-be8318ca880d	4a312d2f-a82d-484a-93ab-514c36d458f5
\.


--
-- Data for Name: Courses; Type: TABLE DATA; Schema: public; Owner: postgres
--

COPY public."Courses" ("Id", "Title", "ShortInfo", "Requirements", "Description", "Language", "DateCreated", "DateUpdated", "Price", "ImageUrl", "ThemeId", "CreatorId", "Rating") FROM stdin;
32556230-7659-4c89-8dc3-a6beee4dc80b	bfdb	<p>cvb</p>\n	<p>bcv</p>\n	<p>cbv</p>\n	russian	2022-04-25 15:55:07.893297	2022-04-25 15:55:07.893297	34235	\N	1	e53f038f-af0e-4113-83c7-c105f12829fb	0
a5ce457d-f556-4ed2-be04-6c036c326cfd	bfdb	<p>cvb</p>\n	<p>bcv</p>\n	<p>cbv</p>\n	russian	2022-04-25 15:55:28.110044	2022-04-25 15:55:28.110044	34235	\N	1	e53f038f-af0e-4113-83c7-c105f12829fb	0
fd2746d6-06ae-415c-a05c-88aa078ee216	fdgsfg	<p>gfdgs</p>\n	<p>sdfg</p>\n	<p>sgd</p>\n	russian	2022-04-25 18:25:24.851572	2022-04-25 18:25:24.851573	0	\N	1	4a312d2f-a82d-484a-93ab-514c36d458f5	0
e42f06ce-f1ae-4fc7-89e4-88d105e963a3	dfgs	<p>sfgd</p>\n	<p>sdfg</p>\n	<p>sdgf</p>\n	ukrainian	2022-04-25 18:26:06.228013	2022-04-25 18:26:06.228014	0	\N	1	4a312d2f-a82d-484a-93ab-514c36d458f5	0
3e9b7c93-3c6f-4df8-9ad3-873da659023e	df51213	<p>1231</p>\n	<p>123</p>\n	<p>123</p>\n	russian	2022-04-25 18:50:52.808858	2022-04-25 18:50:52.808859	0.99	\N	1	4a312d2f-a82d-484a-93ab-514c36d458f5	0
4a89fccb-26cf-41c3-a2d5-c34386c21096	k				russian	2022-04-25 18:52:27.176991	2022-04-25 18:52:27.176991	0	\N	1	4a312d2f-a82d-484a-93ab-514c36d458f5	0
bd10e968-3eaf-47e2-aca0-10d56cd220cd	fgdgf11111111	<p>dfgdg</p>\n	<p>1</p>\n	<p>ddf</p>\n	russian	2022-04-27 07:22:06.67342	2022-04-27 07:22:06.67342	0	\N	1	80214376-fa55-418f-a519-ab1f239004df	0
d0b5ffc8-e9cb-4749-a2d7-7aa87f9aad8f	string	string	<p></p>\n	string	string	2022-04-08 06:53:42.930803	2022-04-21 09:46:40.394647	50	http://res.cloudinary.com/hyq5dop3a/image/upload/v1651328902/images/d0b5ffc8-e9cb-4749-a2d7-7aa87f9aad8f.jpg	1	e53f038f-af0e-4113-83c7-c105f12829fb	0
1c9beb89-6e16-470b-8bc9-92c14f8d7663	asd	<p>asdasdad</p>\n	<p>asd</p>\n	<p>asd</p>\n	english	2022-05-04 10:02:48.591038	2022-05-04 10:02:48.591084	0	\N	4	e53f038f-af0e-4113-83c7-c105f12829fb	0
93eb1bdb-eb7c-4b5c-8bcd-361e280493f7	string	<p>string sdjkfksd</p>\n<p>fsd</p>\n<p>fsdfs</p>\n<p>dfs</p>\n<p>fd</p>\n<p>sf</p>\n<p>sdf</p>\n	<ul>\n<li>dsjhfkdahdsfahsdfa</li>\n<li>fda</li>\n<li>df</li>\n<li>a</li>\n<li>fa</li>\n<li>sfsa</li>\n<li>f</li>\n</ul>\n	<p>string'</p>\n<p>askdjhfa</p>\n<p>af</p>\n<p>a</p>\n<ul>\n<li>dsfkaa</li>\n<li>fadsfaf</li>\n<li>asf</li>\n<li>a</li>\n<li>fa</li>\n<li>fa</li>\n<li>s</li>\n<li>safa</li>\n<li></li>\n</ul>\n	string	2022-04-08 15:15:17.03945	2022-04-22 05:44:57.23059	200	\N	1	e53f038f-af0e-4113-83c7-c105f12829fb	4.666666666666667
5ee9450c-cd5f-4fd0-b25b-ad9ec645d996	sdfdsfsdfasdf	<p>sfdsfsdf🤓</p>\n	<p>asdfafdaf</p>\n	<p>sdfsdfs😂</p>\n	english	2022-04-25 13:41:03.427694	2022-04-25 13:52:11.48985	0	\N	1	e53f038f-af0e-4113-83c7-c105f12829fb	0
e20f073b-6cc1-4605-a452-1747e6d97daf	sdfsf	<p>sdfsf</p>\n	<p>sdf</p>\n	<p>sdf</p>\n	ukrainian	2022-04-27 07:36:23.403629	2022-04-27 07:36:23.403629	0	\N	1	e53f038f-af0e-4113-83c7-c105f12829fb	0
9b511247-904b-4d54-b92a-1ae9e690fa8e	Course	<p>Short information about course</p>\n	<p></p>\n	<p>course description with&nbsp;</p>\n<ul>\n<li>Times new roman</li>\n<li>Arial</li>\n<li>Tahoma</li>\n</ul>\n	english	2022-04-15 14:59:38.036961	2022-04-27 10:23:35.727002	20	\N	1	e53f038f-af0e-4113-83c7-c105f12829fb	5
e7966bee-1109-4b7e-903b-70def29ec920	safaf	<p>adfadfa</p>\n	<p>afd</p>\n	<p>fasdfa</p>\n	ukrainian	2022-04-25 18:02:06.862758	2022-04-25 18:02:06.862758	0.99	\N	1	4a312d2f-a82d-484a-93ab-514c36d458f5	0
9ab5ae04-c8e8-4196-a02c-83454cd41215	sfdsf	<p>sdfsfd</p>\n	<p>sdfsfds</p>\n	<p>sdfsdf</p>\n	ukrainian	2022-04-25 13:46:08.398156	2022-04-25 13:46:08.398156	0	\N	1	e53f038f-af0e-4113-83c7-c105f12829fb	0
52921193-5fcd-46d5-b4fc-10421839015f	dfgs	<p>sfgd</p>\n	<p>sdfg</p>\n	<p>sdgf</p>\n	ukrainian	2022-04-25 18:27:18.188849	2022-04-25 18:27:18.188849	0	\N	1	4a312d2f-a82d-484a-93ab-514c36d458f5	0
d1f8c924-ecaf-42a2-bf5c-02dbe11e44e5	sadfasdasjkdfasljdfka	<p>asdfjalsfajdfla</p>\n	<p>saidijflkasfiajsldfa</p>\n	<p>jsafdalofjaljakfds</p>\n	english	2022-04-15 14:45:23.421686	2022-04-25 13:51:08.204535	0	\N	1	e53f038f-af0e-4113-83c7-c105f12829fb	5
a6e59cc9-05c6-498e-ae21-f13debdb56b0	dfsdf	<p>sdf</p>\n	<p>sdf</p>\n	<p>sdf</p>\n	russian	2022-04-27 07:19:39.644358	2022-04-27 07:19:39.644395	0	\N	1	80214376-fa55-418f-a519-ab1f239004df	0
9a75b819-29ea-467e-8eef-353f294658e4	advocate1	<ol>\n<li><span style="color: rgb(0,0,0);background-color: rgb(255,255,255);font-size: 30px;font-family: Open Sans;"><strong>Lorem ipsum dolor sit amet, consectetur adipiscing elit. In ut ultrices tellus. Nulla non justo eleifend purus varius luctus id vel elit. Mauris imperdiet dui arcu, a facilisis risus rutrum sed. Suspendisse vel nunc consequat, blandit urna vel, porta orci. Pellentesque habitant morbi tristique senectus et netus et malesuada fames ac turpis egestas. Nunc non magna vitae elit commodo imperdiet. Suspendisse potenti. Praesent sed justo ornare, posuere risus sed, tempor sem. Aliquam finibus mauris turpis, a volutpat augue commodo dictum. Integer sit amet urna ac eros cursus interdum sit amet at lectus.</strong></span></li>\n</ol>\n<p style="text-align:justify;"><span style="color: rgb(0,0,0);background-color: rgb(255,255,255);font-size: 14px;font-family: Open Sans;"><code>Praesent nec interdum libero. Aliquam magna elit, tempor quis finibus quis, dignissim id sem. Class aptent taciti sociosqu ad litora torquent per conubia nostra, per inceptos himenaeos. Donec quis nibh vehicula, volutpat urna nec, sagittis tellus. Maecenas elementum diam libero, sed lacinia quam fermentum vitae. Proin aliquam pellentesque dui a tempus. Aenean fermentum vehicula lorem. Vestibulum tempor quis dui ut ornare.</code></span></p>\n<p style="text-align:justify;"><span style="color: rgb(0,0,0);background-color: rgb(255,255,255);font-size: 14px;font-family: Open Sans;"><code>Sed blandit faucibus dolor, ac rhoncus nisl auctor sit amet. Lorem ipsum dolor sit amet, consectetur adipiscing elit. Etiam sit amet massa commodo, malesuada elit nec, bibendum est. Suspendisse erat mauris, luctus vel auctor eget, consectetur vel nulla. In interdum felis id urna condimentum, eu vehicula magna egestas. Fusce volutpat diam urna, rutrum lacinia neque efficitur eget. Curabitur pellentesque et odio ac congue.</code></span></p>\n<p style="text-align:justify;"><span style="color: rgb(209,72,65);background-color: rgb(255,255,255);font-size: 14px;font-family: Open Sans;"><sub>Aenean maximus faucibus nisl. Cras vulputate libero non felis tincidunt cursus. Fusce posuere augue nec mauris porttitor ultricies. Vestibulum iaculis mi vitae turpis sollicitudin rutrum sit amet id velit. Aliquam malesuada augue accumsan erat fermentum consectetur. Nulla commodo est finibus risus consectetur semper. Donec eu urna in elit consectetur cursus eget lacinia sem. Vestibulum eget lectus a ligula hendrerit tincidunt eu eget nunc. Curabitur viverra sodales tellus eu tempor.</sub></span></p>\n<p style="text-align:justify;"><span style="color: rgb(209,72,65);background-color: rgb(255,255,255);font-size: 14px;font-family: Open Sans;"><sub>Ut eget malesuada arcu. </sub></span><span style="color: rgb(209,72,65);background-color: rgb(255,255,255);font-size: 18px;font-family: Open Sans;"><sub>Maecenas ullamcorper accumsan ipsum, nec dapibus sapien rhoncus vel. Aliquam aliquam, nibh a dignissim iaculis, eros sapien fermentum nulla, ut ultrices libero lacus at nulla. Vivamus vitae congue mi. Sed scelerisque dui id metus sodales lacinia. Vestibulum ante ipsum primis in faucibus orci luctus et ultrices posuere cubilia curae; Proin varius eu turpis sit amet pulvinar. Donec cursus velit at augue vehicula, vitae rhoncus est lacinia. Fusce facilisis a dui non pharetra. Vivamus tempus, erat sagittis sodales luctus, odio tortor porttitor mi, vitae tempus mauris ipsum ut tellus. Phasellus tincidunt augue est, eget scelerisque neque tristique ut. Duis tempor quam ante, id condimentum ipsum ultricies id. Vestibulum eu nisi luctus, congue mi eget, malesuada mauris.</sub></span></p>\n<p style="text-align:justify;"><span style="color: rgb(0,0,0);background-color: rgb(255,255,255);font-size: 18px;font-family: Open Sans;">Duis ac elit at libero lobortis ultricies. Aliquam erat volutpat. Praesent pellentesque neque quis risus dignissim volutpat. In et lectus nec nisl lobortis blandit. Etiam dapibus enim ante, ac tincidunt neque tincidunt nec. Fusce vitae massa id ipsum varius facilisis eu a felis. Donec pulvinar vulputate urna vel placerat. Nulla varius congue nunc quis semper. Integer porta risus vel lectus lacinia, nec imperdiet ex sollicitudin. Nunc sed nisi at ligula sagittis porttitor non ac quam. Ut congue convallis risus, quis varius purus fringilla a. Vestibulum laoreet viverra facilisis. Morbi non magna laoreet mi sagittis tristique. Ut.</span>&nbsp;</p>\n	<p style="text-align:justify;"><span style="color: rgb(0,0,0);background-color: rgb(255,255,255);font-size: 14px;font-family: open sans;">Lorem ipsum dolor sit amet, consectetur adipiscing elit. In ut ultrices tellus. Nulla non justo eleifend purus varius luctus id vel elit. Mauris imperdiet dui arcu, a facilisis risus rutrum sed. Suspendisse vel nunc consequat, blandit urna vel, porta orci. Pellentesque habitant morbi tristique senectus et netus et malesuada fames ac turpis egestas. Nunc non magna vitae elit commodo imperdiet. Suspendisse potenti. Praesent sed justo ornare, posuere risus sed, tempor sem. Aliquam finibus mauris turpis, a volutpat augue commodo dictum. Integer sit amet urna ac eros cursus interdum sit amet at lectus.</span></p>\n<p style="text-align:justify;"><span style="color: rgb(0,0,0);background-color: rgb(255,255,255);font-size: 14px;font-family: open sans;">Praesent nec interdum libero. Aliquam magna elit, tempor quis finibus quis, dignissim id sem. Class aptent taciti sociosqu ad litora torquent per conubia nostra, per inceptos himenaeos. Donec quis nibh vehicula, volutpat urna nec, sagittis tellus. Maecenas elementum diam libero, sed lacinia quam fermentum vitae. Proin aliquam pellentesque dui a tempus. Aenean fermentum vehicula lorem. Vestibulum tempor quis dui ut ornare.</span></p>\n<p style="text-align:justify;"><span style="color: rgb(0,0,0);background-color: rgb(255,255,255);font-size: 14px;font-family: open sans;">Sed blandit faucibus dolor, ac rhoncus nisl auctor sit amet. Lorem ipsum dolor sit amet, consectetur adipiscing elit. Etiam sit amet massa commodo, malesuada elit nec, bibendum est. Suspendisse erat mauris, luctus vel auctor eget, consectetur vel nulla. In interdum felis id urna condimentum, eu vehicula magna egestas. Fusce volutpat diam urna, rutrum lacinia neque efficitur eget. Curabitur pellentesque et odio ac congue.</span></p>\n<p style="text-align:justify;"><span style="color: rgb(0,0,0);background-color: rgb(255,255,255);font-size: 14px;font-family: open sans;">Aenean maximus faucibus nisl. Cras vulputate libero non felis tincidunt cursus. Fusce posuere augue nec mauris porttitor ultricies. Vestibulum iaculis mi vitae turpis sollicitudin rutrum sit amet id velit. Aliquam malesuada augue accumsan erat fermentum consectetur. Nulla commodo est finibus risus consectetur semper. Donec eu urna in elit consectetur cursus eget lacinia sem. Vestibulum eget lectus a ligula hendrerit tincidunt eu eget nunc. Curabitur viverra sodales tellus eu tempor.</span></p>\n<p style="text-align:justify;"><span style="color: rgb(0,0,0);background-color: rgb(255,255,255);font-size: 14px;font-family: open sans;">Ut eget malesuada arcu. Maecenas ullamcorper accumsan ipsum, nec dapibus sapien rhoncus vel. Aliquam aliquam, nibh a dignissim iaculis, eros sapien fermentum nulla, ut ultrices libero lacus at nulla. Vivamus vitae congue mi. Sed scelerisque dui id metus sodales lacinia. Vestibulum ante ipsum primis in faucibus orci luctus et ultrices posuere cubilia curae; Proin varius eu turpis sit amet pulvinar. Donec cursus velit at augue vehicula, vitae rhoncus est lacinia. Fusce facilisis a dui non pharetra. Vivamus tempus, erat sagittis sodales luctus, odio tortor porttitor mi, vitae tempus mauris ipsum ut tellus. Phasellus tincidunt augue est, eget scelerisque neque tristique ut. Duis tempor quam ante, id condimentum ipsum ultricies id. Vestibulum eu nisi luctus, congue mi eget, malesuada mauris.</span></p>\n<p style="text-align:justify;"><span style="color: rgb(0,0,0);background-color: rgb(255,255,255);font-size: 14px;font-family: open sans;">Duis ac elit at libero lobortis ultricies. Aliquam erat volutpat. Praesent pellentesque neque quis risus dignissim volutpat. In et lectus nec nisl lobortis blandit. Etiam dapibus enim ante, ac tincidunt neque tincidunt nec. Fusce vitae massa id ipsum varius facilisis eu a felis. Donec pulvinar vulputate urna vel placerat. Nulla varius congue nunc quis semper. Integer porta risus vel lectus lacinia, nec imperdiet ex sollicitudin. Nunc sed nisi at ligula sagittis porttitor non ac quam. Ut congue convallis risus, quis varius purus fringilla a. Vestibulum laoreet viverra facilisis. Morbi non magna laoreet mi sagittis tristique. Ut.</span>&nbsp;&nbsp;</p>\n	<p style="text-align:justify;"><span style="color: rgb(0,0,0);background-color: rgb(255,255,255);font-size: 14px;font-family: open sans;">Lorem ipsum dolor sit amet, consectetur adipiscing elit. In ut ultrices tellus. Nulla non justo eleifend purus varius luctus id vel elit. Mauris imperdiet dui arcu, a facilisis risus rutrum sed. Suspendisse vel nunc consequat, blandit urna vel, porta orci. Pellentesque habitant morbi tristique senectus et netus et malesuada fames ac turpis egestas. Nunc non magna vitae elit commodo imperdiet. Suspendisse potenti. Praesent sed justo ornare, posuere risus sed, tempor sem. Aliquam finibus mauris turpis, a volutpat augue commodo dictum. Integer sit amet urna ac eros cursus interdum sit amet at lectus.</span></p>\n<p style="text-align:justify;"><span style="color: rgb(0,0,0);background-color: rgb(255,255,255);font-size: 14px;font-family: open sans;">Praesent nec interdum libero. Aliquam magna elit, tempor quis finibus quis, dignissim id sem. Class aptent taciti sociosqu ad litora torquent per conubia nostra, per inceptos himenaeos. Donec quis nibh vehicula, volutpat urna nec, sagittis tellus. Maecenas elementum diam libero, sed lacinia quam fermentum vitae. Proin aliquam pellentesque dui a tempus. Aenean fermentum vehicula lorem. Vestibulum tempor quis dui ut ornare.</span></p>\n<p style="text-align:justify;"><span style="color: rgb(0,0,0);background-color: rgb(255,255,255);font-size: 14px;font-family: open sans;">Sed blandit faucibus dolor, ac rhoncus nisl auctor sit amet. Lorem ipsum dolor sit amet, consectetur adipiscing elit. Etiam sit amet massa commodo, malesuada elit nec, bibendum est. Suspendisse erat mauris, luctus vel auctor eget, consectetur vel nulla. In interdum felis id urna condimentum, eu vehicula magna egestas. Fusce volutpat diam urna, rutrum lacinia neque efficitur eget. Curabitur pellentesque et odio ac congue.</span></p>\n<p style="text-align:justify;"><span style="color: rgb(0,0,0);background-color: rgb(255,255,255);font-size: 14px;font-family: open sans;">Aenean maximus faucibus nisl. Cras vulputate libero non felis tincidunt cursus. Fusce posuere augue nec mauris porttitor ultricies. Vestibulum iaculis mi vitae turpis sollicitudin rutrum sit amet id velit. Aliquam malesuada augue accumsan erat fermentum consectetur. Nulla commodo est finibus risus consectetur semper. Donec eu urna in elit consectetur cursus eget lacinia sem. Vestibulum eget lectus a ligula hendrerit tincidunt eu eget nunc. Curabitur viverra sodales tellus eu tempor.</span></p>\n<p style="text-align:justify;"><span style="color: rgb(0,0,0);background-color: rgb(255,255,255);font-size: 14px;font-family: open sans;">Ut eget malesuada arcu. Maecenas ullamcorper accumsan ipsum, nec dapibus sapien rhoncus vel. Aliquam aliquam, nibh a dignissim iaculis, eros sapien fermentum nulla, ut ultrices libero lacus at nulla. Vivamus vitae congue mi. Sed scelerisque dui id metus sodales lacinia. Vestibulum ante ipsum primis in faucibus orci luctus et ultrices posuere cubilia curae; Proin varius eu turpis sit amet pulvinar. Donec cursus velit at augue vehicula, vitae rhoncus est lacinia. Fusce facilisis a dui non pharetra. Vivamus tempus, erat sagittis sodales luctus, odio tortor porttitor mi, vitae tempus mauris ipsum ut tellus. Phasellus tincidunt augue est, eget scelerisque neque tristique ut. Duis tempor quam ante, id condimentum ipsum ultricies id. Vestibulum eu nisi luctus, congue mi eget, malesuada mauris.</span></p>\n<p style="text-align:justify;"><span style="color: rgb(0,0,0);background-color: rgb(255,255,255);font-size: 14px;font-family: open sans;">Duis ac elit at libero lobortis ultricies. Aliquam erat volutpat. Praesent pellentesque neque quis risus dignissim volutpat. In et lectus nec nisl lobortis blandit. Etiam dapibus enim ante, ac tincidunt neque tincidunt nec. Fusce vitae massa id ipsum varius facilisis eu a felis. Donec pulvinar vulputate urna vel placerat. Nulla varius congue nunc quis semper. Integer porta risus vel lectus lacinia, nec imperdiet ex sollicitudin. Nunc sed nisi at ligula sagittis porttitor non ac quam. Ut congue convallis risus, quis varius purus fringilla a. Vestibulum laoreet viverra facilisis. Morbi non magna laoreet mi sagittis tristique. Ut.</span>&nbsp;&nbsp;</p>\n	russian	2022-04-08 15:38:04.632262	2022-05-04 10:21:48.401529	159.99	http://res.cloudinary.com/hyq5dop3a/image/upload/v1651657400/images/9a75b819-29ea-467e-8eef-353f294658e4.jpg	7	e53f038f-af0e-4113-83c7-c105f12829fb	4.745454545454545
2866454a-c863-4cf6-adfa-be8318ca880d	bfdb	<p>cvb</p>\n	<p>bcv</p>\n	<p>cbv</p>\n	russian	2022-04-25 15:55:17.392102	2022-04-25 15:55:17.392102	34235	\N	1	e53f038f-af0e-4113-83c7-c105f12829fb	0
6dc846ad-f1b1-43d7-a8bd-266030a9bf26	string	string	string	string	string	2022-04-12 09:13:50.32889	2022-04-12 09:13:50.32889	10	\N	1	6dbccf13-3aa6-4a08-aede-01b0f357c6a3	4.125
\.


--
-- Data for Name: RefreshTokens; Type: TABLE DATA; Schema: public; Owner: postgres
--

COPY public."RefreshTokens" ("Id", "Token", "Expires", "Created", "CreatedByIp", "Revoked", "RevokedByIp", "ReplaceByToken", "UserId") FROM stdin;
9408321d-8182-4adc-b09a-b0aeac4980b4	NhGoaOFFKjpivMkzXIW1Qo90cntPlKJoVtfjX6clHd3v6sarBizy9gk55jSrihXnJJ/NYnT4Yo/n8gz39lX+kQ==	2022-04-11 14:15:05.293285	2022-04-04 14:15:05.29335	0.0.0.1	\N	\N	\N	e53f038f-af0e-4113-83c7-c105f12829fb
22cd066b-048f-499c-b98d-694a50cab105	oVP0NV8J20S4igBpknR1bLHTxnKaqxlaxjnvwZe7xgNd24aKCDMAQ7ZPE8Ug7zQpA5JQYg2cEdKakVJmk6m/yg==	2022-04-19 06:33:21.046215	2022-04-12 06:33:21.046271	0.0.0.1	\N	\N	\N	e53f038f-af0e-4113-83c7-c105f12829fb
76a8475b-c57a-4271-a10c-6d44b8f5f8eb	wxnziwTGC9zLrc2MQS8k95Vc6BTv1lgRM7BJmhmhpD4Vift7Ws6HdCz64KnK7U+dR/f5lztS/l3zPkD/Qb0Zmw==	2022-04-19 09:13:27.298079	2022-04-12 09:13:27.298162	0.0.0.1	\N	\N	\N	6dbccf13-3aa6-4a08-aede-01b0f357c6a3
4930225d-7270-420d-8f4f-b3905ccf82df	o0AbQCQ8J9JtPjAMpsQj1F+4jAcysW2fNU0p89iuE3lCCUnOIRtXcAi/cKEu+I0fyQr5tcjd11FckLLC8poaKA==	2022-04-26 07:04:27.888384	2022-04-19 07:04:27.888425	0.0.0.1	\N	\N	\N	e53f038f-af0e-4113-83c7-c105f12829fb
2cc004f2-f471-4d39-a212-2d7157892bf7	Azc6fncZTg6vkDIeYrirO0f3h5lAdje/mMJftZ36E1H2sUAplKZNHZETTnvrLhKEDZHzOumV4LRgQtP0didy3w==	2022-04-26 07:06:54.446614	2022-04-19 07:06:54.446615	0.0.0.1	\N	\N	\N	4a312d2f-a82d-484a-93ab-514c36d458f5
a404429c-96bb-4c94-8c3c-7fc9f06d183d	GiiVL56hasdT6z0zbbPGTgOXlDjn1eo0g9MsTBX1eRrY0OiFhBSZ6UMtdxemQujijYdIecm3XGd9v5xDXhc1AQ==	2022-05-02 17:25:38.634808	2022-04-25 17:25:38.634881	0.0.0.1	\N	\N	\N	1a57c281-30b2-4036-b660-b774166d3ffb
c2eeb915-94a6-426f-a7dd-864b642dbe76	lH0Q62u3fC8G6uBHow2sEj1CpGqU96GaUVr3en+tafUsMf/I+mQ5UjsnU5DWxc/g5mhAvLUw46GndbphL37Jbw==	2022-05-03 11:22:27.262584	2022-04-26 11:22:27.262638	0.0.0.1	\N	\N	\N	e53f038f-af0e-4113-83c7-c105f12829fb
09f9defa-bdc5-4bb9-822c-385fcbbd3bc0	6osEmadBfSizOLLfu3ywAlNzm53Juku9t0qDNBnApgHWs9GEEHH3CBNnglQz5BMXJn0uw25uw8mBAiSxLvhs/A==	2022-05-04 07:05:36.98403	2022-04-27 07:05:36.984074	0.0.0.1	\N	\N	\N	80214376-fa55-418f-a519-ab1f239004df
0c48049c-684c-4980-93a8-2a5fc4064eb2	YOIGldIf8ef/cGx7a1SlvR7UgMx90JSrl5SuF7KrK8UHZ1CZrPBI12tZYvETb2i64FF3G6BlTMS1tVkeaVWlbQ==	2022-05-04 20:37:49.026546	2022-04-27 20:37:49.026587	0.0.0.1	\N	\N	\N	4a312d2f-a82d-484a-93ab-514c36d458f5
b057a3a2-3527-4cb3-93fb-17dc1035c117	y3/rGjn/ZAgu5BeTVfxZxLXw6a1RJJ1e4n1xtvDM9bPNeDLy6IVvs6eK5gLuuvZ4+YKQZ5WwbZYrF8PxZm9Sww==	2022-05-10 15:51:33.743599	2022-05-03 15:51:33.743647	0.0.0.1	\N	\N	\N	e53f038f-af0e-4113-83c7-c105f12829fb
\.


--
-- Data for Name: RoleUser; Type: TABLE DATA; Schema: public; Owner: postgres
--

COPY public."RoleUser" ("RolesId", "UsersId") FROM stdin;
1	e53f038f-af0e-4113-83c7-c105f12829fb
2	6dbccf13-3aa6-4a08-aede-01b0f357c6a3
2	4a312d2f-a82d-484a-93ab-514c36d458f5
2	1a57c281-30b2-4036-b660-b774166d3ffb
2	80214376-fa55-418f-a519-ab1f239004df
\.


--
-- Data for Name: Roles; Type: TABLE DATA; Schema: public; Owner: postgres
--

COPY public."Roles" ("Id", "Name") FROM stdin;
1	Admin
2	User
\.


--
-- Data for Name: Themes; Type: TABLE DATA; Schema: public; Owner: postgres
--

COPY public."Themes" ("Id", "Title", "CategoryId") FROM stdin;
1	Other	1
2	test9	1
3	test2	2
4	test3	2
5	test1	3
6	test7	3
7	test8	3
\.


--
-- Data for Name: Users; Type: TABLE DATA; Schema: public; Owner: postgres
--

COPY public."Users" ("Id", "FirstName", "LastName", "UserName", "Email", "Password", "Salt", "ImageUrl", "Rating") FROM stdin;
1a57c281-30b2-4036-b660-b774166d3ffb	bender	bender	bender	bender@gmail.com	Hs1OqZ0aiHRz8B8Y2gxN8R9SLT6qhSSxMB5/oEsGhu4=	Zpz3fFWA1M0sMMq6/NVmGA==	\N	0
80214376-fa55-418f-a519-ab1f239004df	border	border 1	border	border@gmail.com	mUQv8QT4q8XFj8C25BYfhghUBtNUuIriPRGPMDotXBw=	RCMCDkmZcl3G28mmBblRDA==	\N	0
e53f038f-af0e-4113-83c7-c105f12829fb	Admin	Admin	Admin	admin@gmail.com	Muv7WMj++seJbxzhwSHGlzHVbe5M6cvnJkOP2KmXBa0=	GYkTqJVopUA5mAHr1lC7+Q==	http://res.cloudinary.com/hyq5dop3a/image/upload/v1651595706/images/e53f038f-af0e-4113-83c7-c105f12829fb.jpg	4.8530303030303035
6dbccf13-3aa6-4a08-aede-01b0f357c6a3	string	string	string	string@string.com	9ZeCM0bsWMwOtyZSf5yG7z25Sch+tm3TSd031OLoQXs=	7xr2zMH+P/Ti4naLAmUtpQ==	\N	3.9625
4a312d2f-a82d-484a-93ab-514c36d458f5	string	string	string	stepan@gmail.com	Ur+k/GhTLAWLEsXZlK/K92jvLHv4lYTX9s0jyqOdBPo=	60MS1SPYj7auoYUUH63WfA==	\N	0
\.


--
-- Data for Name: Videos; Type: TABLE DATA; Schema: public; Owner: postgres
--

COPY public."Videos" ("Id", "Title", "Url", "ChapterId") FROM stdin;
f59e51c6-cb78-42c3-bd0a-8ebab0fb7496	title	https://raimhalazurestorage.blob.core.windows.net/iskills-videos/f59e51c6-cb78-42c3-bd0a-8ebab0fb7496.mp4	8c5d4359-2f9b-4049-b337-44aa0d2e73ab
527c26f7-17cd-4fdf-ad9b-f92fc625af14	string	https://raimhalazurestorage.blob.core.windows.net/iskills-videos/527c26f7-17cd-4fdf-ad9b-f92fc625af14.mp4	8c5d4359-2f9b-4049-b337-44aa0d2e73ab
32a9d275-0fdd-485b-9fed-2c10ff30217e	title	http://res.cloudinary.com/hyq5dop3a/video/upload/v1651091909/video/32a9d275-0fdd-485b-9fed-2c10ff30217e.mp4	8c5d4359-2f9b-4049-b337-44aa0d2e73ab
f8dfd115-9967-41e8-959c-16c72b60ebb2	title	http://res.cloudinary.com/hyq5dop3a/video/upload/v1651664750/videos/f8dfd115-9967-41e8-959c-16c72b60ebb2.mp4	c03bd97c-6e0f-4ae1-82a9-55a77b579d87
588c84c6-f0df-4107-8d1d-d25782bc76eb	title	http://res.cloudinary.com/hyq5dop3a/video/upload/v1651664800/videos/588c84c6-f0df-4107-8d1d-d25782bc76eb.mp4	c03bd97c-6e0f-4ae1-82a9-55a77b579d87
\.


--
-- Data for Name: __EFMigrationsHistory; Type: TABLE DATA; Schema: public; Owner: postgres
--

COPY public."__EFMigrationsHistory" ("MigrationId", "ProductVersion") FROM stdin;
20220316172339_Changed client cascade deletion to cascade deletion	5.0.15
20220317104220_Added fluent validation	5.0.15
20220408063126_Changed entity context size	5.0.15
20220411200027_Added raiting	5.0.15
20220412065224_Renamed raiting to rating	5.0.15
20220412084542_Added user rating	5.0.15
20220422061840_Allowed file types	5.0.15
20220503102456_Change theme categoryId to nullable integer	5.0.15
\.


--
-- Name: AllowedFileTypes_Id_seq; Type: SEQUENCE SET; Schema: public; Owner: postgres
--

SELECT pg_catalog.setval('public."AllowedFileTypes_Id_seq"', 3, true);


--
-- Name: Categories_Id_seq; Type: SEQUENCE SET; Schema: public; Owner: postgres
--

SELECT pg_catalog.setval('public."Categories_Id_seq"', 3, true);


--
-- Name: Roles_Id_seq; Type: SEQUENCE SET; Schema: public; Owner: postgres
--

SELECT pg_catalog.setval('public."Roles_Id_seq"', 1, false);


--
-- Name: Themes_Id_seq; Type: SEQUENCE SET; Schema: public; Owner: postgres
--

SELECT pg_catalog.setval('public."Themes_Id_seq"', 7, true);


--
-- Name: AllowedFileTypes PK_AllowedFileTypes; Type: CONSTRAINT; Schema: public; Owner: postgres
--

ALTER TABLE ONLY public."AllowedFileTypes"
    ADD CONSTRAINT "PK_AllowedFileTypes" PRIMARY KEY ("Id");


--
-- Name: Categories PK_Categories; Type: CONSTRAINT; Schema: public; Owner: postgres
--

ALTER TABLE ONLY public."Categories"
    ADD CONSTRAINT "PK_Categories" PRIMARY KEY ("Id");


--
-- Name: Chapters PK_Chapters; Type: CONSTRAINT; Schema: public; Owner: postgres
--

ALTER TABLE ONLY public."Chapters"
    ADD CONSTRAINT "PK_Chapters" PRIMARY KEY ("Id");


--
-- Name: Comments PK_Comments; Type: CONSTRAINT; Schema: public; Owner: postgres
--

ALTER TABLE ONLY public."Comments"
    ADD CONSTRAINT "PK_Comments" PRIMARY KEY ("Id");


--
-- Name: CourseUser PK_CourseUser; Type: CONSTRAINT; Schema: public; Owner: postgres
--

ALTER TABLE ONLY public."CourseUser"
    ADD CONSTRAINT "PK_CourseUser" PRIMARY KEY ("CoursesId", "StudentsId");


--
-- Name: Courses PK_Courses; Type: CONSTRAINT; Schema: public; Owner: postgres
--

ALTER TABLE ONLY public."Courses"
    ADD CONSTRAINT "PK_Courses" PRIMARY KEY ("Id");


--
-- Name: RefreshTokens PK_RefreshTokens; Type: CONSTRAINT; Schema: public; Owner: postgres
--

ALTER TABLE ONLY public."RefreshTokens"
    ADD CONSTRAINT "PK_RefreshTokens" PRIMARY KEY ("Id");


--
-- Name: RoleUser PK_RoleUser; Type: CONSTRAINT; Schema: public; Owner: postgres
--

ALTER TABLE ONLY public."RoleUser"
    ADD CONSTRAINT "PK_RoleUser" PRIMARY KEY ("RolesId", "UsersId");


--
-- Name: Roles PK_Roles; Type: CONSTRAINT; Schema: public; Owner: postgres
--

ALTER TABLE ONLY public."Roles"
    ADD CONSTRAINT "PK_Roles" PRIMARY KEY ("Id");


--
-- Name: Themes PK_Themes; Type: CONSTRAINT; Schema: public; Owner: postgres
--

ALTER TABLE ONLY public."Themes"
    ADD CONSTRAINT "PK_Themes" PRIMARY KEY ("Id");


--
-- Name: Users PK_Users; Type: CONSTRAINT; Schema: public; Owner: postgres
--

ALTER TABLE ONLY public."Users"
    ADD CONSTRAINT "PK_Users" PRIMARY KEY ("Id");


--
-- Name: Videos PK_Videos; Type: CONSTRAINT; Schema: public; Owner: postgres
--

ALTER TABLE ONLY public."Videos"
    ADD CONSTRAINT "PK_Videos" PRIMARY KEY ("Id");


--
-- Name: __EFMigrationsHistory PK___EFMigrationsHistory; Type: CONSTRAINT; Schema: public; Owner: postgres
--

ALTER TABLE ONLY public."__EFMigrationsHistory"
    ADD CONSTRAINT "PK___EFMigrationsHistory" PRIMARY KEY ("MigrationId");


--
-- Name: IX_AllowedFileTypes_Id; Type: INDEX; Schema: public; Owner: postgres
--

CREATE UNIQUE INDEX "IX_AllowedFileTypes_Id" ON public."AllowedFileTypes" USING btree ("Id");


--
-- Name: IX_Categories_Id_Title; Type: INDEX; Schema: public; Owner: postgres
--

CREATE UNIQUE INDEX "IX_Categories_Id_Title" ON public."Categories" USING btree ("Id", "Title");


--
-- Name: IX_Chapters_CourseId; Type: INDEX; Schema: public; Owner: postgres
--

CREATE INDEX "IX_Chapters_CourseId" ON public."Chapters" USING btree ("CourseId");


--
-- Name: IX_Chapters_Id; Type: INDEX; Schema: public; Owner: postgres
--

CREATE UNIQUE INDEX "IX_Chapters_Id" ON public."Chapters" USING btree ("Id");


--
-- Name: IX_Comments_CourseId; Type: INDEX; Schema: public; Owner: postgres
--

CREATE INDEX "IX_Comments_CourseId" ON public."Comments" USING btree ("CourseId");


--
-- Name: IX_Comments_CreatorId; Type: INDEX; Schema: public; Owner: postgres
--

CREATE INDEX "IX_Comments_CreatorId" ON public."Comments" USING btree ("CreatorId");


--
-- Name: IX_Comments_Id; Type: INDEX; Schema: public; Owner: postgres
--

CREATE UNIQUE INDEX "IX_Comments_Id" ON public."Comments" USING btree ("Id");


--
-- Name: IX_CourseUser_StudentsId; Type: INDEX; Schema: public; Owner: postgres
--

CREATE INDEX "IX_CourseUser_StudentsId" ON public."CourseUser" USING btree ("StudentsId");


--
-- Name: IX_Courses_Id; Type: INDEX; Schema: public; Owner: postgres
--

CREATE UNIQUE INDEX "IX_Courses_Id" ON public."Courses" USING btree ("Id");


--
-- Name: IX_Courses_ThemeId; Type: INDEX; Schema: public; Owner: postgres
--

CREATE INDEX "IX_Courses_ThemeId" ON public."Courses" USING btree ("ThemeId");


--
-- Name: IX_RefreshTokens_Id; Type: INDEX; Schema: public; Owner: postgres
--

CREATE UNIQUE INDEX "IX_RefreshTokens_Id" ON public."RefreshTokens" USING btree ("Id");


--
-- Name: IX_RefreshTokens_UserId; Type: INDEX; Schema: public; Owner: postgres
--

CREATE INDEX "IX_RefreshTokens_UserId" ON public."RefreshTokens" USING btree ("UserId");


--
-- Name: IX_RoleUser_UsersId; Type: INDEX; Schema: public; Owner: postgres
--

CREATE INDEX "IX_RoleUser_UsersId" ON public."RoleUser" USING btree ("UsersId");


--
-- Name: IX_Themes_CategoryId; Type: INDEX; Schema: public; Owner: postgres
--

CREATE INDEX "IX_Themes_CategoryId" ON public."Themes" USING btree ("CategoryId");


--
-- Name: IX_Themes_Id_Title; Type: INDEX; Schema: public; Owner: postgres
--

CREATE UNIQUE INDEX "IX_Themes_Id_Title" ON public."Themes" USING btree ("Id", "Title");


--
-- Name: IX_Users_Id_Email; Type: INDEX; Schema: public; Owner: postgres
--

CREATE UNIQUE INDEX "IX_Users_Id_Email" ON public."Users" USING btree ("Id", "Email");


--
-- Name: IX_Videos_ChapterId; Type: INDEX; Schema: public; Owner: postgres
--

CREATE INDEX "IX_Videos_ChapterId" ON public."Videos" USING btree ("ChapterId");


--
-- Name: IX_Videos_Id; Type: INDEX; Schema: public; Owner: postgres
--

CREATE UNIQUE INDEX "IX_Videos_Id" ON public."Videos" USING btree ("Id");


--
-- Name: Chapters FK_Chapters_Courses_CourseId; Type: FK CONSTRAINT; Schema: public; Owner: postgres
--

ALTER TABLE ONLY public."Chapters"
    ADD CONSTRAINT "FK_Chapters_Courses_CourseId" FOREIGN KEY ("CourseId") REFERENCES public."Courses"("Id") ON DELETE CASCADE;


--
-- Name: Comments FK_Comments_Courses_CourseId; Type: FK CONSTRAINT; Schema: public; Owner: postgres
--

ALTER TABLE ONLY public."Comments"
    ADD CONSTRAINT "FK_Comments_Courses_CourseId" FOREIGN KEY ("CourseId") REFERENCES public."Courses"("Id") ON DELETE CASCADE;


--
-- Name: Comments FK_Comments_Users_CreatorId; Type: FK CONSTRAINT; Schema: public; Owner: postgres
--

ALTER TABLE ONLY public."Comments"
    ADD CONSTRAINT "FK_Comments_Users_CreatorId" FOREIGN KEY ("CreatorId") REFERENCES public."Users"("Id") ON DELETE CASCADE;


--
-- Name: CourseUser FK_CourseUser_Courses_CoursesId; Type: FK CONSTRAINT; Schema: public; Owner: postgres
--

ALTER TABLE ONLY public."CourseUser"
    ADD CONSTRAINT "FK_CourseUser_Courses_CoursesId" FOREIGN KEY ("CoursesId") REFERENCES public."Courses"("Id") ON DELETE CASCADE;


--
-- Name: CourseUser FK_CourseUser_Users_StudentsId; Type: FK CONSTRAINT; Schema: public; Owner: postgres
--

ALTER TABLE ONLY public."CourseUser"
    ADD CONSTRAINT "FK_CourseUser_Users_StudentsId" FOREIGN KEY ("StudentsId") REFERENCES public."Users"("Id") ON DELETE CASCADE;


--
-- Name: Courses FK_Courses_Themes_ThemeId; Type: FK CONSTRAINT; Schema: public; Owner: postgres
--

ALTER TABLE ONLY public."Courses"
    ADD CONSTRAINT "FK_Courses_Themes_ThemeId" FOREIGN KEY ("ThemeId") REFERENCES public."Themes"("Id") ON DELETE RESTRICT;


--
-- Name: RefreshTokens FK_RefreshTokens_Users_UserId; Type: FK CONSTRAINT; Schema: public; Owner: postgres
--

ALTER TABLE ONLY public."RefreshTokens"
    ADD CONSTRAINT "FK_RefreshTokens_Users_UserId" FOREIGN KEY ("UserId") REFERENCES public."Users"("Id") ON DELETE CASCADE;


--
-- Name: RoleUser FK_RoleUser_Roles_RolesId; Type: FK CONSTRAINT; Schema: public; Owner: postgres
--

ALTER TABLE ONLY public."RoleUser"
    ADD CONSTRAINT "FK_RoleUser_Roles_RolesId" FOREIGN KEY ("RolesId") REFERENCES public."Roles"("Id") ON DELETE CASCADE;


--
-- Name: RoleUser FK_RoleUser_Users_UsersId; Type: FK CONSTRAINT; Schema: public; Owner: postgres
--

ALTER TABLE ONLY public."RoleUser"
    ADD CONSTRAINT "FK_RoleUser_Users_UsersId" FOREIGN KEY ("UsersId") REFERENCES public."Users"("Id") ON DELETE CASCADE;


--
-- Name: Themes FK_Themes_Categories_CategoryId; Type: FK CONSTRAINT; Schema: public; Owner: postgres
--

ALTER TABLE ONLY public."Themes"
    ADD CONSTRAINT "FK_Themes_Categories_CategoryId" FOREIGN KEY ("CategoryId") REFERENCES public."Categories"("Id") ON DELETE CASCADE;


--
-- Name: Videos FK_Videos_Chapters_ChapterId; Type: FK CONSTRAINT; Schema: public; Owner: postgres
--

ALTER TABLE ONLY public."Videos"
    ADD CONSTRAINT "FK_Videos_Chapters_ChapterId" FOREIGN KEY ("ChapterId") REFERENCES public."Chapters"("Id") ON DELETE CASCADE;


--
-- PostgreSQL database dump complete
--

